{"count":1,"self":21.1896176,"total":21.5192065,"children":{"InitializeActuators":{"count":4,"self":0.0037411999999999996,"total":0.0037411999999999996,"children":null},"InitializeSensors":{"count":4,"self":0.0029982999999999998,"total":0.0029982999999999998,"children":null},"AgentSendState":{"count":800,"self":0.0030288999999999997,"total":0.052821599999999996,"children":{"CollectObservations":{"count":340,"self":0.0056616999999999995,"total":0.0056616999999999995,"children":null},"WriteActionMask":{"count":340,"self":0.0011834999999999999,"total":0.0011834999999999999,"children":null},"RequestDecision":{"count":340,"self":0.0429475,"total":0.0429475,"children":null}}},"DecideAction":{"count":800,"self":0.2550361,"total":0.2550361,"children":null},"AgentAct":{"count":800,"self":0.013985299999999999,"total":0.013985299999999999,"children":null}},"gauges":{},"metadata":{"timer_format_version":"0.1.0","start_time_seconds":"1722548162","unity_version":"2022.3.25f1","command_line_arguments":"C:\\Program Files\\Unity\\Hub\\Editor\\2022.3.25f1\\Editor\\Unity.exe -projectpath C:\\Users\\Sezer\\Documents\\GitHub\\Deneme -useHub -hubIPC -cloudEnvironment production -licensingIpc LicenseClient-Sezer -hubSessionId a0b43dcd-76e1-4f67-ae52-1c6df44f3ce5 -accessToken Gq_EumvEs7zChmyFKr4HIKjcb-gfe1tfBP2ro1Qhquo011f","communication_protocol_version":"1.5.0","com.unity.ml-agents_version":"2.0.1","scene_name":"Playground","end_time_seconds":"1722548183"}}